,date,carrier,number,code_i,hora_i,code_f,hora_f
0,2024-05-17 00:00:00,AA,816,JFK,2024-05-17 07:00:00-04:00,CUN,2024-05-17 10:05:00-05:00
1,2024-05-17 00:00:00,AA,724,CLT,2024-05-17 16:15:00-04:00,DUB,2024-05-18 05:00:00+01:00
2,2024-05-17 00:00:00,AA,205,LAX,2024-05-17 17:25:00-07:00,OGG,2024-05-17 20:02:00-10:00
3,2024-05-17 00:00:00,AA,373,CLT,2024-05-17 08:57:00-04:00,MIA,2024-05-17 11:00:00-04:00
4,2024-05-17 00:00:00,AA,665,LAS,2024-05-17 06:55:00-07:00,PHL,2024-05-17 14:35:00-04:00
5,2024-05-17 00:00:00,AA,656,MIA,2024-05-17 19:26:00-04:00,DCA,2024-05-17 22:00:00-04:00
6,2024-05-17 00:00:00,AA,690,BOS,2024-05-17 05:30:00-04:00,SAN,2024-05-17 11:33:00-07:00
7,2024-05-17 00:00:00,AA,280,ICN,2024-05-17 17:25:00+09:00,DFW,2024-05-17 16:10:00-05:00
8,2024-05-17 00:00:00,AA,234,SFO,2024-05-17 06:03:00-07:00,JFK,2024-05-17 14:49:00-04:00
9,2024-05-17 00:00:00,AA,31,LAX,2024-05-17 08:00:00-07:00,HNL,2024-05-17 10:55:00-10:00
10,2024-05-17 00:00:00,AA,684,PHX,2024-05-17 10:44:00-07:00,LIH,2024-05-17 14:23:00-10:00
11,2024-05-17 00:00:00,AA,159,DFW,2024-05-17 08:20:00-05:00,DFW,2024-05-17 15:25:00-05:00
12,2024-05-17 00:00:00,AA,749,MAD,2024-05-17 12:20:00+02:00,CLT,2024-05-17 15:20:00-04:00
13,2024-05-17 00:00:00,AA,893,CLT,2024-05-17 07:50:00-04:00,CLT,2024-05-17 13:29:00-04:00
14,2024-05-17 00:00:00,AA,795,AUS,2024-05-17 14:30:00-05:00,DFW,2024-05-17 15:43:00-05:00
15,2024-05-17 00:00:00,AA,375,JAX,2024-05-17 07:15:00-04:00,LAX,2024-05-17 12:14:00-07:00
16,2024-05-17 00:00:00,AA,443,CLT,2024-05-17 11:58:00-04:00,CLT,2024-05-17 16:47:00-04:00
17,2024-05-17 00:00:00,AA,121,DOH,2024-05-17 08:05:00+03:00,PHL,2024-05-17 15:30:00-04:00
18,2024-05-17 00:00:00,AA,881,CLT,2024-05-17 07:39:00-04:00,CUN,2024-05-17 09:34:00-05:00
19,2024-05-17 00:00:00,AA,477,MIA,2024-05-17 10:10:00-04:00,MIA,2024-05-17 15:25:00-04:00
20,2024-05-17 00:00:00,AA,326,PHL,2024-05-17 18:50:00-04:00,PIT,2024-05-17 20:19:00-04:00
21,2024-05-17 00:00:00,AA,337,PHX,2024-05-17 10:25:00-07:00,PHX,2024-05-17 14:25:00-07:00
22,2024-05-17 00:00:00,AA,970,ELP,2024-05-17 06:00:00-06:00,PHX,2024-05-17 06:20:00-07:00
23,2024-05-17 00:00:00,AA,247,LAX,2024-05-17 09:53:00-07:00,KOA,2024-05-17 12:30:00-10:00
24,2024-05-17 00:00:00,AA,511,MCO,2024-05-17 07:06:00-04:00,DCA,2024-05-17 09:25:00-04:00
25,2024-05-17 00:00:00,AA,432,PHX,2024-05-17 10:35:00-07:00,OGG,2024-05-17 14:03:00-10:00
26,2024-05-17 00:00:00,AA,563,PHX,2024-05-17 15:31:00-07:00,MCO,2024-05-17 22:41:00-04:00
27,2024-05-17 00:00:00,AA,753,LAX,2024-05-17 09:35:00-07:00,ATL,2024-05-17 16:56:00-04:00
28,2024-05-17 00:00:00,AA,764,CLT,2024-05-17 20:48:00-04:00,AUS,2024-05-17 22:47:00-05:00
29,2024-05-17 00:00:00,AA,803,PHX,2024-05-17 15:37:00-07:00,AUS,2024-05-17 19:56:00-05:00
30,2024-05-17 00:00:00,AA,935,ORD,2024-05-17 20:44:00-05:00,AUS,2024-05-17 23:42:00-05:00
31,2024-05-17 00:00:00,AA,507,MIA,2024-05-17 21:11:00-04:00,DCA,2024-05-17 23:58:00-04:00
32,2024-05-17 00:00:00,AA,744,IAH,2024-05-17 08:55:00-05:00,CLT,2024-05-17 12:25:00-04:00
33,2024-05-17 00:00:00,AA,140,BOS,2024-05-17 13:45:00-04:00,BOS,2024-05-17 18:45:00-04:00
34,2024-05-17 00:00:00,AA,641,LAX,2024-05-17 10:25:00-07:00,PHL,2024-05-17 18:34:00-04:00
35,2024-05-17 00:00:00,AA,746,PHL,2024-05-17 21:00:00-04:00,NCE,2024-05-18 10:55:00+02:00
36,2024-05-17 00:00:00,AA,844,AUS,2024-05-17 15:27:00-05:00,PHX,2024-05-17 15:59:00-07:00
37,2024-05-17 00:00:00,AA,337,PHX,2024-05-17 10:25:00-07:00,PHX,2024-05-17 14:25:00-07:00
38,2024-05-17 00:00:00,AA,4,LAX,2024-05-17 11:30:00-07:00,JFK,2024-05-17 20:02:00-04:00
39,2024-05-17 00:00:00,AA,259,LIS,2024-05-17 11:05:00+01:00,PHL,2024-05-17 13:45:00-04:00
40,2024-05-17 00:00:00,AA,276,SFO,2024-05-17 22:10:00-07:00,JFK,2024-05-18 07:00:00-04:00
41,2024-05-17 00:00:00,AA,962,GRU,2024-05-17 22:20:00-03:00,DFW,2024-05-18 06:50:00-05:00
42,2024-05-17 00:00:00,AA,460,CLT,2024-05-17 18:50:00-04:00,BOS,2024-05-17 21:00:00-04:00
43,2024-05-17 00:00:00,AA,372,CLT,2024-05-17 15:12:00-04:00,DCA,2024-05-17 16:29:00-04:00
44,2024-05-17 00:00:00,AA,620,CLT,2024-05-17 07:20:00-04:00,CLT,2024-05-17 10:41:00-04:00
45,2024-05-17 00:00:00,AA,466,DCA,2024-05-17 12:27:00-04:00,CLT,2024-05-17 13:52:00-04:00
46,2024-05-17 00:00:00,AA,491,MKE,2024-05-17 07:00:00-05:00,CLT,2024-05-17 10:07:00-04:00
47,2024-05-17 00:00:00,AA,620,CLT,2024-05-17 07:20:00-04:00,CLT,2024-05-17 10:41:00-04:00
48,2024-05-17 00:00:00,AA,943,CLT,2024-05-17 10:15:00-04:00,PHX,2024-05-17 11:37:00-07:00
49,2024-05-17 00:00:00,AA,925,LAS,2024-05-17 23:23:00-07:00,MIA,2024-05-18 07:11:00-04:00
50,2024-05-17 00:00:00,AA,856,DFW,2024-05-17 07:25:00-05:00,PHL,2024-05-17 11:43:00-04:00
51,2024-05-17 00:00:00,AA,782,AUS,2024-05-17 17:52:00-05:00,BOS,2024-05-17 22:54:00-04:00
52,2024-05-17 00:00:00,AA,117,JFK,2024-05-17 20:00:00-04:00,LAX,2024-05-17 23:15:00-07:00
53,2024-05-17 00:00:00,AA,609,ORD,2024-05-17 20:38:00-05:00,IND,2024-05-17 22:44:00-04:00
54,2024-05-17 00:00:00,AA,198,JFK,2024-05-17 19:02:00-04:00,MXP,2024-05-18 09:05:00+02:00
55,2024-05-17 00:00:00,AA,626,CLT,2024-05-17 22:33:00-04:00,CVG,2024-05-17 23:51:00-04:00
56,2024-05-17 00:00:00,AA,992,CUN,2024-05-17 12:40:00-05:00,CLT,2024-05-17 16:35:00-04:00
57,2024-05-17 00:00:00,AA,672,DFW,2024-05-17 08:33:00-05:00,DFW,2024-05-17 17:16:00-05:00
58,2024-05-17 00:00:00,AA,46,ORD,2024-05-17 20:30:00-05:00,LHR,2024-05-18 10:20:00+01:00
59,2024-05-17 00:00:00,AA,529,CLT,2024-05-17 07:32:00-04:00,CLT,2024-05-17 10:25:00-04:00
60,2024-05-17 00:00:00,AA,841,FAT,2024-05-17 08:04:00-07:00,DFW,2024-05-17 13:19:00-05:00
61,2024-05-17 00:00:00,AA,441,BGI,2024-05-17 07:00:00-04:00,MIA,2024-05-17 11:00:00-04:00
62,2024-05-17 00:00:00,AA,839,PHL,2024-05-17 18:56:00-04:00,MSP,2024-05-17 21:05:00-05:00
63,2024-05-17 00:00:00,AA,953,JFK,2024-05-17 22:05:00-04:00,EZE,2024-05-18 10:00:00-03:00
64,2024-05-17 00:00:00,AA,87,LHR,2024-05-17 10:05:00+01:00,ORD,2024-05-17 12:45:00-05:00
65,2024-05-17 00:00:00,AA,941,MTY,2024-05-17 05:45:00-06:00,DFW,2024-05-17 08:35:00-05:00
66,2024-05-17 00:00:00,AA,987,MIA,2024-05-17 10:40:00-04:00,MIA,2024-05-17 16:45:00-04:00
67,2024-05-17 00:00:00,AA,980,PDX,2024-05-17 05:10:00-07:00,DFW,2024-05-17 11:00:00-05:00
68,2024-05-17 00:00:00,AA,304,BHM,2024-05-17 05:25:00-05:00,DFW,2024-05-17 07:33:00-05:00
69,2024-05-17 00:00:00,AA,690,BOS,2024-05-17 05:30:00-04:00,SAN,2024-05-17 11:33:00-07:00
70,2024-05-17 00:00:00,AA,598,SAN,2024-05-17 13:32:00-07:00,ORF,2024-05-17 23:46:00-04:00
71,2024-05-17 00:00:00,AA,687,CLT,2024-05-17 05:33:00-04:00,DFW,2024-05-17 07:20:00-05:00
72,2024-05-17 00:00:00,AA,483,MIA,2024-05-17 21:20:00-04:00,ORD,2024-05-17 23:57:00-05:00
73,2024-05-17 00:00:00,AA,806,AUS,2024-05-17 15:20:00-05:00,PHL,2024-05-17 19:50:00-04:00
74,2024-05-17 00:00:00,AA,807,DFW,2024-05-17 19:00:00-05:00,AUS,2024-05-17 20:07:00-05:00
75,2024-05-17 00:00:00,AA,708,CUR,2024-05-17 14:41:00-04:00,MIA,2024-05-17 17:51:00-04:00
76,2024-05-17 00:00:00,AA,902,PHX,2024-05-17 21:55:00-07:00,MIA,2024-05-18 05:17:00-04:00
77,2024-05-17 00:00:00,AA,751,PHX,2024-05-17 15:36:00-07:00,CMH,2024-05-17 22:27:00-04:00
78,2024-05-17 00:00:00,AA,560,ONT,2024-05-17 06:45:00-07:00,PHX,2024-05-17 08:03:00-07:00
79,2024-05-17 00:00:00,AA,375,JAX,2024-05-17 07:15:00-04:00,LAX,2024-05-17 12:14:00-07:00
80,2024-05-17 00:00:00,AA,912,SCL,2024-05-17 21:55:00-04:00,MIA,2024-05-18 06:35:00-04:00
81,2024-05-17 00:00:00,AA,547,LGA,2024-05-17 08:15:00-04:00,DFW,2024-05-17 11:03:00-05:00
82,2024-05-17 00:00:00,AA,285,LAX,2024-05-17 15:03:00-07:00,LIH,2024-05-17 17:59:00-10:00
83,2024-05-17 00:00:00,AA,104,JFK,2024-05-17 22:20:00-04:00,LHR,2024-05-18 10:30:00+01:00
84,2024-05-17 00:00:00,AA,346,ORD,2024-05-17 10:10:00-05:00,BOS,2024-05-17 13:30:00-04:00
85,2024-05-17 00:00:00,AA,312,DFW,2024-05-17 18:55:00-05:00,SJC,2024-05-17 20:36:00-07:00
86,2024-05-17 00:00:00,AA,236,JFK,2024-05-17 16:56:00-04:00,FCO,2024-05-18 07:15:00+02:00
87,2024-05-17 00:00:00,AA,335,CLT,2024-05-17 09:33:00-04:00,CLT,2024-05-17 13:41:00-04:00
88,2024-05-17 00:00:00,AA,664,KOA,2024-05-17 21:45:00-10:00,PHX,2024-05-18 06:30:00-07:00
89,2024-05-17 00:00:00,AA,435,CLT,2024-05-17 11:25:00-04:00,LIR,2024-05-17 13:35:00-06:00
90,2024-05-17 00:00:00,AA,762,PIT,2024-05-17 05:26:00-04:00,DFW,2024-05-17 07:28:00-05:00
91,2024-05-17 00:00:00,AA,575,DFW,2024-05-17 08:13:00-05:00,DFW,2024-05-17 16:35:00-05:00
92,2024-05-17 00:00:00,AA,341,PHL,2024-05-17 08:41:00-04:00,PHL,2024-05-17 14:49:00-04:00
93,2024-05-17 00:00:00,AA,618,MIA,2024-05-17 14:55:00-04:00,BOS,2024-05-17 18:15:00-04:00
94,2024-05-17 00:00:00,AA,257,MIA,2024-05-17 18:45:00-04:00,MEX,2024-05-17 20:15:00-06:00
95,2024-05-17 00:00:00,AA,634,PHX,2024-05-17 20:45:00-07:00,ONT,2024-05-17 22:04:00-07:00
96,2024-05-17 00:00:00,AA,347,MIA,2024-05-17 12:35:00-04:00,RTB,2024-05-17 12:55:00-06:00
97,2024-05-17 00:00:00,AA,418,BOS,2024-05-17 05:30:00-04:00,CLT,2024-05-17 07:52:00-04:00
98,2024-05-17 00:00:00,AA,883,QRO,2024-05-17 05:10:00-06:00,DFW,2024-05-17 08:40:00-05:00
99,2024-05-17 00:00:00,AA,790,CLT,2024-05-17 18:06:00-04:00,JFK,2024-05-17 20:00:00-04:00
100,2024-05-17 00:00:00,AA,968,LGA,2024-05-17 06:15:00-04:00,DCA,2024-05-17 07:34:00-04:00
101,2024-05-17 00:00:00,AA,120,PHL,2024-05-17 20:46:00-04:00,DOH,2024-05-18 16:25:00+03:00
102,2024-05-17 00:00:00,AA,466,DCA,2024-05-17 12:27:00-04:00,CLT,2024-05-17 13:52:00-04:00
103,2024-05-17 00:00:00,AA,437,LAS,2024-05-17 09:45:00-07:00,BOS,2024-05-17 20:50:00-04:00
104,2024-05-17 00:00:00,AA,449,MSP,2024-05-17 14:36:00-05:00,PHX,2024-05-17 16:04:00-07:00
105,2024-05-17 00:00:00,AA,470,PHX,2024-05-17 10:49:00-07:00,PHX,2024-05-17 14:38:00-07:00
106,2024-05-17 00:00:00,AA,373,CLT,2024-05-17 08:57:00-04:00,MIA,2024-05-17 11:00:00-04:00
107,2024-05-17 00:00:00,AA,874,CLT,2024-05-17 07:15:00-04:00,CLT,2024-05-17 16:25:00-04:00
108,2024-05-17 00:00:00,AA,627,IND,2024-05-17 08:23:00-04:00,CLT,2024-05-17 10:05:00-04:00
109,2024-05-17 00:00:00,AA,426,LAX,2024-05-17 13:00:00-07:00,CLT,2024-05-17 20:47:00-04:00
110,2024-05-17 00:00:00,AA,2,LAX,2024-05-17 08:00:00-07:00,JFK,2024-05-17 16:35:00-04:00
111,2024-05-17 00:00:00,AA,143,LAX,2024-05-17 15:25:00-07:00,HNL,2024-05-17 18:13:00-10:00
112,2024-05-17 00:00:00,AA,772,DFW,2024-05-17 19:20:00-05:00,ORF,2024-05-17 23:17:00-04:00
113,2024-05-17 00:00:00,AA,799,AUS,2024-05-17 20:24:00-05:00,LAX,2024-05-17 21:42:00-07:00
114,2024-05-17 00:00:00,DL,317,DEN,2024-05-17 07:10:00-06:00,LGA,2024-05-17 12:55:00-04:00
115,2024-05-17 00:00:00,DL,596,CUN,2024-05-17 08:15:00-05:00,ATL,2024-05-17 11:51:00-04:00
116,2024-05-17 00:00:00,DL,506,LGA,2024-05-17 07:00:00-04:00,ATL,2024-05-17 09:26:00-04:00
117,2024-05-17 00:00:00,DL,369,DTW,2024-05-17 12:35:00-04:00,DTW,2024-05-17 22:59:00-04:00
118,2024-05-17 00:00:00,DL,758,SLC,2024-05-17 10:00:00-06:00,BOS,2024-05-17 16:45:00-04:00
119,2024-05-17 00:00:00,DL,650,JFK,2024-05-17 16:35:00-04:00,SLC,2024-05-17 20:06:00-06:00
120,2024-05-17 00:00:00,DL,573,AUS,2024-05-17 17:55:00-05:00,MSP,2024-05-17 20:40:00-05:00
121,2024-05-17 00:00:00,DL,434,SEA,2024-05-17 11:35:00-07:00,JFK,2024-05-17 20:25:00-04:00
122,2024-05-17 00:00:00,DL,107,FRA,2024-05-17 11:50:00+02:00,JFK,2024-05-17 14:40:00-04:00
123,2024-05-17 00:00:00,DL,712,LAS,2024-05-17 17:43:00-07:00,SLC,2024-05-17 20:09:00-06:00
124,2024-05-17 00:00:00,DL,722,MSP,2024-05-17 07:00:00-05:00,MSP,2024-05-17 13:32:00-05:00
125,2024-05-17 00:00:00,DL,4,LHR,2024-05-17 17:50:00+01:00,JFK,2024-05-17 21:05:00-04:00
126,2024-05-17 00:00:00,DL,559,PDX,2024-05-17 06:15:00-07:00,MSP,2024-05-17 11:36:00-05:00
127,2024-05-17 00:00:00,DL,510,ATL,2024-05-17 19:30:00-04:00,LGA,2024-05-17 21:49:00-04:00
128,2024-05-17 00:00:00,DL,576,MEX,2024-05-17 11:40:00-06:00,ATL,2024-05-17 17:10:00-04:00
129,2024-05-17 00:00:00,DL,85,CDG,2024-05-17 15:40:00+02:00,ATL,2024-05-17 19:25:00-04:00
130,2024-05-17 00:00:00,DL,724,ATL,2024-05-17 08:10:00-04:00,BOS,2024-05-17 10:48:00-04:00
131,2024-05-17 00:00:00,DL,381,TPA,2024-05-17 09:00:00-04:00,SEA,2024-05-17 12:04:00-07:00
132,2024-05-17 00:00:00,DL,585,ATL,2024-05-17 16:35:00-04:00,MEX,2024-05-17 18:30:00-06:00
133,2024-05-17 00:00:00,DL,841,SLC,2024-05-17 11:10:00-06:00,ATL,2024-05-17 16:55:00-04:00
134,2024-05-17 00:00:00,DL,448,OGG,2024-05-17 21:55:00-10:00,LAX,2024-05-18 06:17:00-07:00
135,2024-05-17 00:00:00,DL,697,SLC,2024-05-17 17:45:00-06:00,DEN,2024-05-17 19:16:00-06:00
136,2024-05-17 00:00:00,DL,527,PHX,2024-05-17 22:39:00-07:00,JFK,2024-05-18 06:26:00-04:00
137,2024-05-17 00:00:00,DL,338,AUS,2024-05-17 06:00:00-05:00,SEA,2024-05-17 08:31:00-07:00
138,2024-05-17 00:00:00,DL,740,DFW,2024-05-17 05:10:00-05:00,SLC,2024-05-17 07:01:00-06:00
139,2024-05-17 00:00:00,DL,317,DEN,2024-05-17 07:10:00-06:00,LGA,2024-05-17 12:55:00-04:00
140,2024-05-17 00:00:00,DL,359,JFK,2024-05-17 13:20:00-04:00,ATL,2024-05-17 15:42:00-04:00
141,2024-05-17 00:00:00,DL,265,CDG,2024-05-17 14:40:00+02:00,JFK,2024-05-17 17:10:00-04:00
142,2024-05-17 00:00:00,DL,674,LAX,2024-05-17 07:00:00-07:00,SEA,2024-05-17 09:56:00-07:00
143,2024-05-17 00:00:00,DL,838,LGA,2024-05-17 20:30:00-04:00,ATL,2024-05-17 23:03:00-04:00
144,2024-05-17 00:00:00,DL,729,ATL,2024-05-17 07:05:00-04:00,ATL,2024-05-17 11:53:00-04:00
145,2024-05-17 00:00:00,DL,576,MEX,2024-05-17 11:40:00-06:00,ATL,2024-05-17 17:10:00-04:00
146,2024-05-17 00:00:00,DL,878,LAX,2024-05-17 15:25:00-07:00,BOS,2024-05-17 23:58:00-04:00
147,2024-05-17 00:00:00,DL,629,BOS,2024-05-17 19:50:00-04:00,MCO,2024-05-17 22:58:00-04:00
148,2024-05-17 00:00:00,DL,786,ATL,2024-05-17 08:30:00-04:00,ATL,2024-05-17 19:36:00-04:00
149,2024-05-17 00:00:00,DL,514,CVG,2024-05-17 19:30:00-04:00,SLC,2024-05-17 21:22:00-06:00
150,2024-05-17 00:00:00,DL,2,LHR,2024-05-17 10:50:00+01:00,JFK,2024-05-17 13:55:00-04:00
151,2024-05-17 00:00:00,DL,131,MUC,2024-05-17 10:25:00+02:00,ATL,2024-05-17 14:50:00-04:00
152,2024-05-17 00:00:00,DL,692,LAX,2024-05-17 18:59:00-07:00,AUS,2024-05-17 23:53:00-05:00
153,2024-05-17 00:00:00,DL,334,BNA,2024-05-17 12:03:00-05:00,DTW,2024-05-17 14:44:00-04:00
154,2024-05-17 00:00:00,DL,693,SEA,2024-05-17 15:50:00-07:00,HNL,2024-05-17 19:14:00-10:00
155,2024-05-17 00:00:00,DL,115,DUB,2024-05-17 12:00:00+01:00,MSP,2024-05-17 14:35:00-05:00
156,2024-05-17 00:00:00,DL,862,ORD,2024-05-17 06:10:00-05:00,SEA,2024-05-17 08:37:00-07:00
157,2024-05-17 00:00:00,DL,655,JFK,2024-05-17 15:15:00-04:00,DEN,2024-05-17 17:57:00-06:00
158,2024-05-17 00:00:00,DL,944,DTW,2024-05-17 16:15:00-04:00,SEA,2024-05-17 18:02:00-07:00
159,2024-05-17 00:00:00,DL,204,JFK,2024-05-17 17:45:00-04:00,ARN,2024-05-18 08:00:00+02:00
160,2024-05-17 00:00:00,DL,194,ATL,2024-05-17 18:30:00-04:00,BCN,2024-05-18 09:10:00+02:00
161,2024-05-17 00:00:00,DL,670,LAX,2024-05-17 14:20:00-07:00,JFK,2024-05-17 22:51:00-04:00
162,2024-05-17 00:00:00,DL,522,HNL,2024-05-17 13:08:00-10:00,SEA,2024-05-17 21:59:00-07:00
163,2024-05-17 00:00:00,DL,337,SLC,2024-05-17 13:45:00-06:00,ATL,2024-05-17 19:31:00-04:00
164,2024-05-17 00:00:00,DL,947,ATL,2024-05-17 16:49:00-04:00,SAN,2024-05-17 18:27:00-07:00
165,2024-05-17 00:00:00,DL,786,ATL,2024-05-17 08:30:00-04:00,ATL,2024-05-17 19:36:00-04:00
166,2024-05-17 00:00:00,DL,32,DFW,2024-05-17 16:08:00-05:00,LHR,2024-05-18 11:10:00+01:00
167,2024-05-17 00:00:00,DL,509,DTW,2024-05-17 21:59:00-04:00,LAS,2024-05-17 23:23:00-07:00
168,2024-05-17 00:00:00,DL,382,SEA,2024-05-17 10:25:00-07:00,CVG,2024-05-17 17:56:00-04:00
169,2024-05-17 00:00:00,DL,971,LAX,2024-05-17 22:40:00-07:00,LAS,2024-05-17 23:55:00-07:00
170,2024-05-17 00:00:00,DL,495,HNL,2024-05-17 12:00:00-10:00,LAX,2024-05-17 20:28:00-07:00
171,2024-05-17 00:00:00,DL,908,DTW,2024-05-17 16:05:00-04:00,LAX,2024-05-17 18:00:00-07:00
172,2024-05-17 00:00:00,DL,419,JFK,2024-05-17 19:15:00-04:00,SFO,2024-05-17 22:59:00-07:00
173,2024-05-17 00:00:00,DL,566,SMF,2024-05-17 22:40:00-07:00,ATL,2024-05-18 06:07:00-04:00
174,2024-05-17 00:00:00,DL,858,LGA,2024-05-17 10:55:00-04:00,LGA,2024-05-17 19:34:00-04:00
175,2024-05-17 00:00:00,DL,473,LAX,2024-05-17 07:00:00-07:00,LAX,2024-05-17 17:25:00-07:00
176,2024-05-17 00:00:00,DL,921,ATL,2024-05-17 13:44:00-04:00,DFW,2024-05-17 15:00:00-05:00
177,2024-05-17 00:00:00,DL,479,BOS,2024-05-17 06:35:00-04:00,LAX,2024-05-17 09:58:00-07:00
178,2024-05-17 00:00:00,DL,992,SEA,2024-05-17 06:05:00-07:00,LAS,2024-05-17 08:35:00-07:00
179,2024-05-17 00:00:00,DL,440,HNL,2024-05-17 21:45:00-10:00,SEA,2024-05-18 06:45:00-07:00
180,2024-05-17 00:00:00,DL,566,SMF,2024-05-17 22:40:00-07:00,ATL,2024-05-18 06:07:00-04:00
181,2024-05-17 00:00:00,DL,24,ATL,2024-05-17 20:50:00-04:00,NCE,2024-05-18 12:00:00+02:00
182,2024-05-17 00:00:00,DL,384,BOS,2024-05-17 06:50:00-04:00,SEA,2024-05-17 10:07:00-07:00
183,2024-05-17 00:00:00,DL,187,LHR,2024-05-17 16:50:00+01:00,LAX,2024-05-17 20:30:00-07:00
184,2024-05-17 00:00:00,DL,225,CDG,2024-05-17 11:45:00+02:00,BOS,2024-05-17 13:40:00-04:00
185,2024-05-17 00:00:00,DL,785,LGA,2024-05-17 16:15:00-04:00,LGA,2024-05-17 22:18:00-04:00
186,2024-05-17 00:00:00,DL,759,ATL,2024-05-17 12:55:00-04:00,ATL,2024-05-17 17:55:00-04:00
187,2024-05-17 00:00:00,DL,775,TPA,2024-05-17 07:00:00-04:00,LAX,2024-05-17 09:20:00-07:00
188,2024-05-17 00:00:00,DL,466,ATL,2024-05-17 14:00:00-04:00,ATL,2024-05-17 23:41:00-04:00
189,2024-05-17 00:00:00,DL,463,ATL,2024-05-17 08:55:00-04:00,ATL,2024-05-17 18:50:00-04:00
190,2024-05-17 00:00:00,DL,954,ATL,2024-05-17 11:00:00-04:00,ATL,2024-05-17 21:58:00-04:00
191,2024-05-17 00:00:00,DL,133,AMS,2024-05-17 07:55:00+02:00,DTW,2024-05-17 10:40:00-04:00
192,2024-05-17 00:00:00,DL,815,ATL,2024-05-17 11:15:00-04:00,ATL,2024-05-17 16:50:00-04:00
193,2024-05-17 00:00:00,DL,460,ATL,2024-05-17 21:55:00-04:00,LAS,2024-05-17 23:21:00-07:00
194,2024-05-17 00:00:00,DL,391,LAX,2024-05-17 12:25:00-07:00,DTW,2024-05-17 19:45:00-04:00
195,2024-05-17 00:00:00,DL,728,DTW,2024-05-17 12:25:00-04:00,SEA,2024-05-17 14:15:00-07:00
196,2024-05-17 00:00:00,DL,403,BUF,2024-05-17 05:28:00-04:00,JFK,2024-05-17 07:00:00-04:00
197,2024-05-17 00:00:00,DL,945,ATL,2024-05-17 09:58:00-04:00,ATL,2024-05-17 19:41:00-04:00
198,2024-05-17 00:00:00,DL,936,ATL,2024-05-17 06:00:00-04:00,DTW,2024-05-17 07:54:00-04:00
199,2024-05-17 00:00:00,DL,995,ATL,2024-05-17 09:40:00-04:00,ATL,2024-05-17 16:59:00-04:00
200,2024-05-17 00:00:00,DL,585,ATL,2024-05-17 16:35:00-04:00,MEX,2024-05-17 18:30:00-06:00
201,2024-05-17 00:00:00,DL,175,MXP,2024-05-17 11:30:00+02:00,ATL,2024-05-17 15:50:00-04:00
202,2024-05-17 00:00:00,DL,425,DTW,2024-05-17 21:55:00-04:00,LGA,2024-05-17 23:41:00-04:00
203,2024-05-17 00:00:00,DL,942,ATL,2024-05-17 16:58:00-04:00,SJC,2024-05-17 19:00:00-07:00
204,2024-05-17 00:00:00,DL,771,LGA,2024-05-17 11:00:00-04:00,ATL,2024-05-17 13:26:00-04:00
205,2024-05-17 00:00:00,DL,701,SLC,2024-05-17 10:05:00-06:00,CVG,2024-05-17 15:29:00-04:00
206,2024-05-17 00:00:00,DL,789,ATL,2024-05-17 07:15:00-04:00,ATL,2024-05-17 16:42:00-04:00
207,2024-05-17 00:00:00,DL,472,LAS,2024-05-17 11:25:00-07:00,JFK,2024-05-17 19:52:00-04:00
208,2024-05-17 00:00:00,DL,459,SEA,2024-05-17 23:12:00-07:00,DTW,2024-05-18 06:29:00-04:00
209,2024-05-17 00:00:00,DL,508,JFK,2024-05-17 08:00:00-04:00,JFK,2024-05-17 18:10:00-04:00
210,2024-05-17 00:00:00,DL,845,SEA,2024-05-17 11:45:00-07:00,SEA,2024-05-17 18:46:00-07:00
211,2024-05-17 00:00:00,DL,827,JFK,2024-05-17 07:15:00-04:00,SEA,2024-05-17 10:17:00-07:00
212,2024-05-17 00:00:00,DL,385,BOS,2024-05-17 18:45:00-04:00,ATL,2024-05-17 21:47:00-04:00
213,2024-05-17 00:00:00,DL,555,ATL,2024-05-17 11:30:00-04:00,ATL,2024-05-17 21:23:00-04:00
214,2024-05-17 00:00:00,DL,914,LAX,2024-05-17 13:10:00-07:00,MSP,2024-05-17 18:45:00-05:00
215,2024-05-17 00:00:00,DL,178,PDX,2024-05-17 14:15:00-07:00,AMS,2024-05-18 09:15:00+02:00
216,2024-05-17 00:00:00,DL,17,LHR,2024-05-17 12:10:00+01:00,DTW,2024-05-17 15:40:00-04:00
217,2024-05-17 00:00:00,DL,945,ATL,2024-05-17 09:58:00-04:00,ATL,2024-05-17 19:41:00-04:00
218,2024-05-17 00:00:00,DL,81,CDG,2024-05-17 16:00:00+02:00,SEA,2024-05-17 17:40:00-07:00
219,2024-05-17 00:00:00,DL,850,SEA,2024-05-17 13:30:00-07:00,ORD,2024-05-17 19:44:00-05:00
220,2024-05-17 00:00:00,DL,461,LAS,2024-05-17 07:25:00-07:00,ATL,2024-05-17 14:16:00-04:00
221,2024-05-17 00:00:00,DL,864,SEA,2024-05-17 21:55:00-07:00,ATL,2024-05-18 05:47:00-04:00
222,2024-05-17 00:00:00,DL,562,LAX,2024-05-17 11:15:00-07:00,JFK,2024-05-17 19:57:00-04:00
223,2024-05-17 00:00:00,DL,528,SEA,2024-05-17 15:30:00-07:00,JFK,2024-05-18 00:12:00-04:00
224,2024-05-17 00:00:00,DL,469,DTW,2024-05-17 12:59:00-04:00,DTW,2024-05-17 23:48:00-04:00
225,2024-05-17 00:00:00,DL,874,BOI,2024-05-17 13:27:00-06:00,ATL,2024-05-17 19:34:00-04:00
226,2024-05-17 00:00:00,DL,410,DCA,2024-05-17 06:00:00-04:00,ATL,2024-05-17 07:47:00-04:00
227,2024-05-17 00:00:00,DL,326,SEA,2024-05-17 11:15:00-07:00,SEA,2024-05-17 20:50:00-07:00
228,2024-05-17 00:00:00,DL,656,ATL,2024-05-17 22:00:00-04:00,SFO,2024-05-18 00:12:00-07:00
229,2024-05-17 00:00:00,DL,853,ANC,2024-05-17 06:08:00-08:00,SEA,2024-05-17 10:45:00-07:00
230,2024-05-17 00:00:00,DL,718,ATL,2024-05-17 22:00:00-04:00,OAJ,2024-05-17 23:27:00-04:00
231,2024-05-17 00:00:00,DL,47,AMS,2024-05-17 10:50:00+02:00,JFK,2024-05-17 13:10:00-04:00
232,2024-05-17 00:00:00,DL,530,ATL,2024-05-17 13:41:00-04:00,DEN,2024-05-17 14:54:00-06:00
233,2024-05-17 00:00:00,DL,897,MSP,2024-05-17 10:25:00-05:00,MSP,2024-05-17 17:15:00-05:00
234,2024-05-17 00:00:00,DL,708,LAX,2024-05-17 07:05:00-07:00,DTW,2024-05-17 14:27:00-04:00
235,2024-05-17 00:00:00,DL,678,LAX,2024-05-17 12:20:00-07:00,JFK,2024-05-17 20:58:00-04:00
236,2024-05-17 00:00:00,DL,83,CDG,2024-05-17 08:55:00+02:00,ATL,2024-05-17 12:40:00-04:00
237,2024-05-17 00:00:00,DL,543,JFK,2024-05-17 08:10:00-04:00,JFK,2024-05-17 20:05:00-04:00
238,2024-05-17 00:00:00,DL,667,SNA,2024-05-17 12:56:00-07:00,MSP,2024-05-17 18:33:00-05:00
239,2024-05-17 00:00:00,DL,317,DEN,2024-05-17 07:10:00-06:00,LGA,2024-05-17 12:55:00-04:00
240,2024-05-17 00:00:00,DL,944,DTW,2024-05-17 16:15:00-04:00,SEA,2024-05-17 18:02:00-07:00
241,2024-05-17 00:00:00,DL,964,LAS,2024-05-17 07:35:00-07:00,DTW,2024-05-17 14:34:00-04:00
242,2024-05-17 00:00:00,DL,436,LAX,2024-05-17 23:59:00-07:00,BNA,2024-05-18 06:02:00-05:00
243,2024-05-17 00:00:00,AC,763,YUL,2024-05-17 16:45:00-04:00,SFO,2024-05-17 20:02:00-07:00
244,2024-05-17 00:00:00,AC,169,YYZ,2024-05-17 12:00:00-04:00,YEG,2024-05-17 14:13:00-06:00
245,2024-05-17 00:00:00,AC,80,YYZ,2024-05-17 16:20:00-04:00,TLV,2024-05-18 10:00:00+03:00
246,2024-05-17 00:00:00,AC,940,YYZ,2024-05-17 08:15:00-04:00,NAS,2024-05-17 11:30:00-04:00
247,2024-05-17 00:00:00,AC,570,YVR,2024-05-17 20:30:00-07:00,SFO,2024-05-17 22:55:00-07:00
248,2024-05-17 00:00:00,AC,898,YUL,2024-05-17 17:30:00-04:00,ATH,2024-05-18 09:40:00+03:00
249,2024-05-17 00:00:00,AC,592,IAH,2024-05-17 13:30:00-05:00,YYZ,2024-05-17 17:47:00-04:00
250,2024-05-17 00:00:00,AC,150,YYC,2024-05-17 18:00:00-06:00,YYZ,2024-05-17 23:50:00-04:00
251,2024-05-17 00:00:00,AC,250,YVR,2024-05-17 19:40:00-07:00,YEG,2024-05-17 22:14:00-06:00
252,2024-05-17 00:00:00,AC,243,YEG,2024-05-17 15:00:00-06:00,YVR,2024-05-17 15:37:00-07:00
253,2024-05-17 00:00:00,AC,995,YUL,2024-05-17 19:20:00-04:00,MEX,2024-05-17 22:55:00-06:00
254,2024-05-17 00:00:00,AC,813,LIS,2024-05-17 11:25:00+01:00,YUL,2024-05-17 14:00:00-04:00
255,2024-05-17 00:00:00,AC,183,YYZ,2024-05-17 07:45:00-04:00,YVR,2024-05-17 09:51:00-07:00
256,2024-05-17 00:00:00,AC,997,MEX,2024-05-17 06:30:00-06:00,YVR,2024-05-17 11:25:00-07:00
257,2024-05-17 00:00:00,AC,694,YYZ,2024-05-17 18:30:00-04:00,YYT,2024-05-17 23:06:00-02:30
258,2024-05-17 00:00:00,AC,774,LAX,2024-05-17 07:30:00-07:00,YUL,2024-05-17 15:52:00-04:00
259,2024-05-17 00:00:00,AC,841,FRA,2024-05-17 10:00:00+02:00,YYZ,2024-05-17 12:50:00-04:00
260,2024-05-17 00:00:00,AC,664,YUL,2024-05-17 13:25:00-04:00,YHZ,2024-05-17 15:58:00-03:00
261,2024-05-17 00:00:00,AC,723,LGA,2024-05-17 19:40:00-04:00,YYZ,2024-05-17 21:19:00-04:00
262,2024-05-17 00:00:00,AC,767,BOS,2024-05-17 06:15:00-04:00,YYZ,2024-05-17 08:10:00-04:00
263,2024-05-17 00:00:00,AC,842,YYZ,2024-05-17 21:35:00-04:00,FRA,2024-05-18 11:10:00+02:00
264,2024-05-17 00:00:00,AC,959,YUL,2024-05-17 16:15:00-04:00,SJO,2024-05-17 20:00:00-06:00
265,2024-05-17 00:00:00,AC,760,SFO,2024-05-17 08:15:00-07:00,YUL,2024-05-17 16:54:00-04:00
266,2024-05-17 00:00:00,AC,51,DEL,2024-05-17 23:50:00+05:30,YUL,2024-05-18 06:10:00-04:00
267,2024-05-17 00:00:00,AC,570,YVR,2024-05-17 20:30:00-07:00,SFO,2024-05-17 22:55:00-07:00
268,2024-05-17 00:00:00,AC,884,YUL,2024-05-17 20:20:00-04:00,GVA,2024-05-18 09:50:00+02:00
269,2024-05-17 00:00:00,AC,990,MEX,2024-05-17 12:15:00-06:00,YYZ,2024-05-17 19:00:00-04:00
270,2024-05-17 00:00:00,AC,80,YYZ,2024-05-17 16:20:00-04:00,TLV,2024-05-18 10:00:00+03:00
271,2024-05-17 00:00:00,AC,745,YYZ,2024-05-17 18:25:00-04:00,SFO,2024-05-17 21:02:00-07:00
272,2024-05-17 00:00:00,AC,604,YYZ,2024-05-17 09:25:00-04:00,YHZ,2024-05-17 12:34:00-03:00
273,2024-05-17 00:00:00,AC,116,YVR,2024-05-17 13:50:00-07:00,YYZ,2024-05-17 21:16:00-04:00
274,2024-05-17 00:00:00,AC,777,YUL,2024-05-17 16:40:00-04:00,LAX,2024-05-17 19:50:00-07:00
275,2024-05-17 00:00:00,AC,600,YYZ,2024-05-17 06:45:00-04:00,YHZ,2024-05-17 09:54:00-03:00
276,2024-05-17 00:00:00,AC,992,MEX,2024-05-17 23:55:00-06:00,YYZ,2024-05-18 06:40:00-04:00
277,2024-05-17 00:00:00,AC,875,CDG,2024-05-17 09:10:00+02:00,YUL,2024-05-17 10:45:00-04:00
278,2024-05-17 00:00:00,AC,561,LAX,2024-05-17 20:45:00-07:00,YVR,2024-05-17 23:46:00-07:00
279,2024-05-17 00:00:00,AC,778,LAX,2024-05-17 12:10:00-07:00,YUL,2024-05-17 20:30:00-04:00
280,2024-05-17 00:00:00,AC,616,YYZ,2024-05-17 19:20:00-04:00,YHZ,2024-05-17 22:29:00-03:00
281,2024-05-17 00:00:00,AC,891,FCO,2024-05-17 14:30:00+02:00,YYZ,2024-05-17 18:05:00-04:00
282,2024-05-17 00:00:00,AC,518,HNL,2024-05-17 22:00:00-10:00,YVR,2024-05-18 06:56:00-07:00
283,2024-05-17 00:00:00,AC,462,YYZ,2024-05-17 17:10:00-04:00,YOW,2024-05-17 18:17:00-04:00
284,2024-05-17 00:00:00,AC,948,YUL,2024-05-17 08:15:00-04:00,PTP,2024-05-17 13:05:00-04:00
285,2024-05-17 00:00:00,AC,210,YVR,2024-05-17 11:10:00-07:00,YYC,2024-05-17 13:36:00-06:00
286,2024-05-17 00:00:00,AC,527,YUL,2024-05-17 19:55:00-04:00,SAN,2024-05-17 22:58:00-07:00
287,2024-05-17 00:00:00,AC,243,YEG,2024-05-17 15:00:00-06:00,YVR,2024-05-17 15:37:00-07:00
288,2024-05-17 00:00:00,AC,608,YYZ,2024-05-17 14:00:00-04:00,YHZ,2024-05-17 17:09:00-03:00
289,2024-05-17 00:00:00,AC,324,YYC,2024-05-17 12:30:00-06:00,YUL,2024-05-17 18:37:00-04:00
290,2024-05-17 00:00:00,AC,884,YUL,2024-05-17 20:20:00-04:00,GVA,2024-05-18 09:50:00+02:00
291,2024-05-17 00:00:00,AC,620,YYZ,2024-05-17 22:30:00-04:00,YHZ,2024-05-18 01:39:00-03:00
292,2024-05-17 00:00:00,AC,620,YYZ,2024-05-17 22:30:00-04:00,YHZ,2024-05-18 01:39:00-03:00
293,2024-05-17 00:00:00,AC,844,YUL,2024-05-17 18:45:00-04:00,FRA,2024-05-18 08:10:00+02:00
294,2024-05-17 00:00:00,AC,503,YYZ,2024-05-17 09:00:00-04:00,ORD,2024-05-17 09:54:00-05:00
295,2024-05-17 00:00:00,AC,694,YYZ,2024-05-17 18:30:00-04:00,YYT,2024-05-17 23:06:00-02:30
296,2024-05-17 00:00:00,AC,23,YVR,2024-05-17 13:25:00-07:00,KIX,2024-05-18 16:20:00+09:00
297,2024-05-17 00:00:00,AC,615,YHZ,2024-05-17 16:30:00-03:00,YYZ,2024-05-17 18:00:00-04:00
298,2024-05-17 00:00:00,AC,183,YYZ,2024-05-17 07:45:00-04:00,YVR,2024-05-17 09:51:00-07:00
299,2024-05-17 00:00:00,AC,196,YUL,2024-05-17 11:30:00-04:00,YYZ,2024-05-17 13:30:00-04:00
300,2024-05-17 00:00:00,AC,270,YWG,2024-05-17 18:40:00-05:00,YYZ,2024-05-17 22:07:00-04:00
301,2024-05-17 00:00:00,AC,232,YVR,2024-05-17 08:10:00-07:00,YEG,2024-05-17 10:44:00-06:00
302,2024-05-17 00:00:00,AC,326,YYC,2024-05-17 14:20:00-06:00,YUL,2024-05-17 20:27:00-04:00
303,2024-05-17 00:00:00,AC,760,SFO,2024-05-17 08:15:00-07:00,YUL,2024-05-17 16:54:00-04:00
304,2024-05-17 00:00:00,TW,122,SGN,2024-05-17 22:35:00+07:00,ICN,2024-05-18 06:05:00+09:00
305,2024-05-17 00:00:00,TW,158,CXR,2024-05-17 00:15:00+07:00,ICN,2024-05-17 07:30:00+09:00
306,2024-05-17 00:00:00,TW,251,ICN,2024-05-17 10:15:00+09:00,CTS,2024-05-17 13:00:00+09:00
307,2024-05-17 00:00:00,TW,171,ICN,2024-05-17 19:00:00+09:00,SIN,2024-05-18 00:25:00+08:00
308,2024-05-17 00:00:00,TW,214,NRT,2024-05-17 15:00:00+09:00,ICN,2024-05-17 18:05:00+09:00
309,2024-05-17 00:00:00,TW,139,ICN,2024-05-17 08:30:00+09:00,KLO,2024-05-17 12:00:00+08:00
310,2024-05-17 00:00:00,TW,140,KLO,2024-05-17 13:00:00+08:00,ICN,2024-05-17 18:20:00+09:00
311,2024-05-17 00:00:00,TW,201,TAE,2024-05-17 10:40:00+09:00,NRT,2024-05-17 12:45:00+09:00
312,2024-05-17 00:00:00,TW,221,PUS,2024-05-17 09:00:00+09:00,KIX,2024-05-17 10:35:00+09:00
313,2024-05-17 00:00:00,TW,158,CXR,2024-05-17 00:15:00+07:00,ICN,2024-05-17 07:30:00+09:00
314,2024-05-17 00:00:00,TW,307,ICN,2024-05-17 20:30:00+09:00,SPN,2024-05-18 02:15:00+10:00
315,2024-05-17 00:00:00,TW,102,BKK,2024-05-17 01:20:00+07:00,ICN,2024-05-17 08:55:00+09:00
316,2024-05-17 00:00:00,TW,139,ICN,2024-05-17 08:30:00+09:00,KLO,2024-05-17 12:00:00+08:00
317,2024-05-17 00:00:00,TW,308,SPN,2024-05-17 03:15:00+10:00,ICN,2024-05-17 07:00:00+09:00
318,2024-05-17 00:00:00,TW,127,ICN,2024-05-17 21:35:00+09:00,DAD,2024-05-18 00:25:00+07:00
319,2024-05-17 00:00:00,TW,667,GMP,2024-05-17 11:15:00+09:00,TSA,2024-05-17 13:00:00+08:00
320,2024-05-17 00:00:00,TW,271,ICN,2024-05-17 11:15:00+09:00,OKA,2024-05-17 13:40:00+09:00
321,2024-05-17 00:00:00,TW,139,ICN,2024-05-17 08:30:00+09:00,KLO,2024-05-17 12:00:00+08:00
322,2024-05-17 00:00:00,TW,281,ICN,2024-05-17 08:00:00+09:00,KIX,2024-05-17 09:50:00+09:00
323,2024-05-17 00:00:00,UA,289,BOS,2024-05-17 15:15:00-04:00,ORD,2024-05-17 17:08:00-05:00
324,2024-05-17 00:00:00,UA,908,AMS,2024-05-17 11:00:00+02:00,ORD,2024-05-17 12:45:00-05:00
325,2024-05-17 00:00:00,UA,253,IAH,2024-05-17 09:55:00-05:00,HNL,2024-05-17 13:32:00-10:00
326,2024-05-17 00:00:00,UA,279,LAX,2024-05-17 09:10:00-07:00,TPA,2024-05-17 16:53:00-04:00
327,2024-05-17 00:00:00,UA,776,BIL,2024-05-17 14:20:00-06:00,DEN,2024-05-17 16:02:00-06:00
328,2024-05-17 00:00:00,UA,572,MSP,2024-05-17 15:35:00-05:00,MCI,2024-05-17 21:53:00-05:00
329,2024-05-17 00:00:00,UA,243,CLE,2024-05-17 10:29:00-04:00,IAD,2024-05-17 11:45:00-04:00
330,2024-05-17 00:00:00,UA,247,ORD,2024-05-17 13:00:00-05:00,YYZ,2024-05-17 15:43:00-04:00
331,2024-05-17 00:00:00,UA,571,SFO,2024-05-17 18:55:00-07:00,EUG,2024-05-17 20:36:00-07:00
332,2024-05-17 00:00:00,UA,555,ATL,2024-05-17 15:48:00-04:00,SFO,2024-05-17 23:43:00-07:00
333,2024-05-17 00:00:00,UA,451,ORD,2024-05-17 20:22:00-05:00,MSY,2024-05-17 22:55:00-05:00
334,2024-05-17 00:00:00,UA,611,IAH,2024-05-17 07:20:00-05:00,LAS,2024-05-17 12:41:00-07:00
335,2024-05-17 00:00:00,UA,497,CVG,2024-05-17 09:00:00-04:00,DEN,2024-05-17 10:09:00-06:00
336,2024-05-17 00:00:00,UA,288,BOS,2024-05-17 05:45:00-04:00,IAD,2024-05-17 07:27:00-04:00
337,2024-05-17 00:00:00,UA,628,CLE,2024-05-17 06:00:00-04:00,ORD,2024-05-17 06:30:00-05:00
338,2024-05-17 00:00:00,UA,940,EWR,2024-05-17 21:50:00-04:00,LHR,2024-05-18 10:10:00+01:00
339,2024-05-17 00:00:00,UA,110,EWR,2024-05-17 18:00:00-04:00,LHR,2024-05-18 06:20:00+01:00
340,2024-05-17 00:00:00,UA,25,DOM,2024-05-17 14:20:00-04:00,IAH,2024-05-17 17:57:00-05:00
341,2024-05-17 00:00:00,UA,340,ATL,2024-05-17 07:30:00-04:00,DEN,2024-05-17 08:55:00-06:00
342,2024-05-17 00:00:00,UA,260,IAD,2024-05-17 18:05:00-04:00,MAD,2024-05-18 08:05:00+02:00
343,2024-05-17 00:00:00,UA,499,BNA,2024-05-17 19:07:00-05:00,EWR,2024-05-17 22:29:00-04:00
344,2024-05-17 00:00:00,UA,358,DFW,2024-05-17 11:52:00-05:00,IAD,2024-05-17 15:52:00-04:00
345,2024-05-17 00:00:00,UA,582,FLL,2024-05-17 10:15:00-04:00,MSP,2024-05-17 17:17:00-05:00
346,2024-05-17 00:00:00,UA,613,LOS,2024-05-17 23:55:00+01:00,IAD,2024-05-18 06:40:00-04:00
347,2024-05-17 00:00:00,UA,304,IAH,2024-05-17 12:12:00-05:00,PVR,2024-05-17 13:46:00-06:00
348,2024-05-17 00:00:00,UA,154,HNL,2024-05-17 07:10:00-10:00,GUM,2024-05-18 18:15:00+10:00
349,2024-05-17 00:00:00,UA,268,EWR,2024-05-17 17:10:00-04:00,BOG,2024-05-17 22:00:00-05:00
350,2024-05-17 00:00:00,UA,598,MCO,2024-05-17 08:07:00-04:00,DEN,2024-05-17 10:21:00-06:00
351,2024-05-17 00:00:00,UA,298,AUS,2024-05-17 15:45:00-05:00,SAN,2024-05-17 20:51:00-07:00
352,2024-05-17 00:00:00,UA,195,MUC,2024-05-17 11:45:00+02:00,SFO,2024-05-17 14:30:00-07:00
353,2024-05-17 00:00:00,UA,518,IAH,2024-05-17 09:35:00-05:00,XPL,2024-05-17 11:37:00-06:00
354,2024-05-17 00:00:00,UA,246,SEA,2024-05-17 05:44:00-07:00,ABQ,2024-05-17 14:52:00-06:00
355,2024-05-17 00:00:00,UA,38,HND,2024-05-17 18:25:00+09:00,LAX,2024-05-17 12:30:00-07:00
356,2024-05-17 00:00:00,UA,664,LAS,2024-05-17 07:15:00-07:00,LGA,2024-05-17 23:00:00-04:00
357,2024-05-17 00:00:00,UA,932,IAD,2024-05-17 22:05:00-04:00,FRA,2024-05-18 12:10:00+02:00
358,2024-05-17 00:00:00,UA,990,SFO,2024-05-17 14:40:00-07:00,CDG,2024-05-18 10:25:00+02:00
359,2024-05-17 00:00:00,UA,657,DFW,2024-05-17 14:23:00-05:00,IAH,2024-05-17 15:40:00-05:00
360,2024-05-17 00:00:00,UA,158,ROR,2024-05-17 02:05:00+09:00,GUM,2024-05-17 05:05:00+10:00
361,2024-05-17 00:00:00,UA,383,HNL,2024-05-17 20:20:00-10:00,DEN,2024-05-18 07:02:00-06:00
362,2024-05-17 00:00:00,UA,275,IAH,2024-05-17 20:08:00-05:00,GUA,2024-05-17 22:00:00-06:00
363,2024-05-17 00:00:00,UA,128,GIG,2024-05-17 21:05:00-03:00,IAH,2024-05-18 05:40:00-05:00
364,2024-05-17 00:00:00,UA,784,SFO,2024-05-17 08:26:00-07:00,YVR,2024-05-17 11:04:00-07:00
365,2024-05-17 00:00:00,UA,160,MUC,2024-05-17 12:00:00+02:00,IAH,2024-05-17 16:40:00-05:00
366,2024-05-17 00:00:00,UA,592,BOS,2024-05-17 10:07:00-04:00,EWR,2024-05-17 11:30:00-04:00
367,2024-05-17 00:00:00,UA,510,EWR,2024-05-17 20:10:00-04:00,FCO,2024-05-18 10:55:00+02:00
368,2024-05-17 00:00:00,UA,187,JNB,2024-05-17 20:00:00+02:00,EWR,2024-05-18 06:15:00-04:00
369,2024-05-17 00:00:00,UA,770,BCN,2024-05-17 14:50:00+02:00,ORD,2024-05-17 17:35:00-05:00
370,2024-05-17 00:00:00,UA,411,CLE,2024-05-17 07:15:00-04:00,LGA,2024-05-17 13:16:00-04:00
371,2024-05-17 00:00:00,UA,430,DEN,2024-05-17 11:15:00-06:00,ONT,2024-05-17 12:40:00-07:00
372,2024-05-17 00:00:00,UA,586,DEN,2024-05-17 13:30:00-06:00,MCI,2024-05-17 16:11:00-05:00
373,2024-05-17 00:00:00,UA,841,NRT,2024-05-17 17:55:00+09:00,GUM,2024-05-17 22:40:00+10:00
374,2024-05-17 00:00:00,UA,361,OMA,2024-05-17 06:00:00-05:00,DEN,2024-05-17 06:44:00-06:00
375,2024-05-17 00:00:00,UA,57,EWR,2024-05-17 18:20:00-04:00,CDG,2024-05-18 07:45:00+02:00
376,2024-05-17 00:00:00,UA,599,DEN,2024-05-17 11:19:00-06:00,SAN,2024-05-17 12:46:00-07:00
377,2024-05-17 00:00:00,UA,343,IAH,2024-05-17 05:00:00-05:00,SFO,2024-05-17 13:44:00-07:00
378,2024-05-17 00:00:00,UA,52,IAD,2024-05-17 17:40:00-04:00,ZRH,2024-05-18 08:05:00+02:00
379,2024-05-17 00:00:00,UA,518,IAH,2024-05-17 09:35:00-05:00,XPL,2024-05-17 11:37:00-06:00
380,2024-05-17 00:00:00,UA,733,YVR,2024-05-17 14:20:00-07:00,SFO,2024-05-17 16:48:00-07:00
381,2024-05-17 00:00:00,UA,342,AUS,2024-05-17 20:25:00-05:00,DEN,2024-05-17 21:54:00-06:00
382,2024-05-17 00:00:00,UA,661,TPA,2024-05-17 16:29:00-04:00,SLC,2024-05-17 22:35:00-06:00
383,2024-05-17 00:00:00,UA,510,EWR,2024-05-17 20:10:00-04:00,FCO,2024-05-18 10:55:00+02:00
384,2024-05-17 00:00:00,UA,650,EWR,2024-05-17 09:55:00-04:00,RDU,2024-05-17 11:38:00-04:00
385,2024-05-17 00:00:00,UA,735,DEN,2024-05-17 19:00:00-06:00,SLC,2024-05-17 20:35:00-06:00
386,2024-05-17 00:00:00,UA,220,IAD,2024-05-17 12:35:00-04:00,GCM,2024-05-17 15:00:00-05:00
387,2024-05-17 00:00:00,UA,907,ORD,2024-05-17 18:30:00-05:00,FRA,2024-05-18 09:55:00+02:00
388,2024-05-17 00:00:00,UA,483,BNA,2024-05-17 18:34:00-05:00,SFO,2024-05-17 21:32:00-07:00
389,2024-05-17 00:00:00,UA,947,AMS,2024-05-17 12:00:00+02:00,IAD,2024-05-17 14:10:00-04:00
390,2024-05-17 00:00:00,UA,889,PEK,2024-05-17 17:25:00+08:00,SFO,2024-05-17 14:45:00-07:00
391,2024-05-17 00:00:00,UA,731,DEN,2024-05-17 13:45:00-06:00,SLC,2024-05-17 15:18:00-06:00
392,2024-05-17 00:00:00,UA,564,DEN,2024-05-17 15:45:00-06:00,SFO,2024-05-17 20:12:00-07:00
393,2024-05-17 00:00:00,UA,944,ORD,2024-05-17 15:05:00-05:00,FRA,2024-05-18 06:30:00+02:00
394,2024-05-17 00:00:00,UA,628,CLE,2024-05-17 06:00:00-04:00,ORD,2024-05-17 06:30:00-05:00
395,2024-05-17 00:00:00,UA,215,SFO,2024-05-17 18:50:00-07:00,YYC,2024-05-17 22:41:00-06:00
396,2024-05-17 00:00:00,UA,451,ORD,2024-05-17 20:22:00-05:00,MSY,2024-05-17 22:55:00-05:00
397,2024-05-17 00:00:00,UA,572,MSP,2024-05-17 15:35:00-05:00,MCI,2024-05-17 21:53:00-05:00
398,2024-05-17 00:00:00,UA,76,SPN,2024-05-17 09:50:00+10:00,GUM,2024-05-17 10:35:00+10:00
399,2024-05-17 00:00:00,UA,17,LHR,2024-05-17 12:00:00+01:00,EWR,2024-05-17 15:05:00-04:00
400,2024-05-17 00:00:00,UA,380,DFW,2024-05-17 07:00:00-05:00,RDU,2024-05-17 14:00:00-04:00
401,2024-05-17 00:00:00,UA,628,CLE,2024-05-17 06:00:00-04:00,ORD,2024-05-17 06:30:00-05:00
402,2024-05-17 00:00:00,UA,240,STI,2024-05-17 06:00:00-04:00,EWR,2024-05-17 10:03:00-04:00
403,2024-05-17 00:00:00,UA,241,CLE,2024-05-17 14:44:00-04:00,MCO,2024-05-17 17:12:00-04:00
404,2024-05-17 00:00:00,UA,845,ORD,2024-05-17 21:15:00-05:00,GRU,2024-05-18 09:30:00-03:00
405,2024-05-17 00:00:00,UA,321,PDX,2024-05-17 14:14:00-07:00,ORD,2024-05-17 20:19:00-05:00
406,2024-05-17 00:00:00,UA,661,TPA,2024-05-17 16:29:00-04:00,SLC,2024-05-17 22:35:00-06:00
407,2024-05-17 00:00:00,UA,675,CLT,2024-05-17 17:00:00-04:00,IAH,2024-05-17 18:53:00-05:00
408,2024-05-17 00:00:00,UA,667,ORD,2024-05-17 09:27:00-05:00,LAX,2024-05-17 12:05:00-07:00
409,2024-05-17 00:00:00,UA,127,FCO,2024-05-17 15:40:00+02:00,IAD,2024-05-17 19:20:00-04:00
410,2024-05-17 00:00:00,UA,200,GUM,2024-05-17 06:55:00+10:00,HNL,2024-05-16 18:05:00-10:00
411,2024-05-17 00:00:00,UA,50,MAD,2024-05-17 10:50:00+02:00,EWR,2024-05-17 13:25:00-04:00
412,2024-05-17 00:00:00,UA,739,EWR,2024-05-17 20:14:00-04:00,MIA,2024-05-17 23:29:00-04:00
413,2024-05-17 00:00:00,UA,718,MEX,2024-05-17 07:30:00-06:00,SFO,2024-05-17 11:19:00-07:00
414,2024-05-17 00:00:00,UA,205,EWR,2024-05-17 21:59:00-04:00,ROC,2024-05-17 23:17:00-04:00
415,2024-05-17 00:00:00,UA,595,AUS,2024-05-17 07:30:00-05:00,DEN,2024-05-17 08:52:00-06:00
416,2024-05-17 00:00:00,UA,556,PHX,2024-05-17 14:21:00-07:00,IAH,2024-05-17 18:58:00-05:00
417,2024-05-17 00:00:00,UA,736,DEN,2024-05-17 08:05:00-06:00,SMF,2024-05-17 09:43:00-07:00
418,2024-05-17 00:00:00,UA,862,HKG,2024-05-17 11:15:00+08:00,SFO,2024-05-17 08:50:00-07:00
419,2024-05-17 00:00:00,UA,654,AUS,2024-05-17 07:15:00-05:00,IAD,2024-05-17 11:26:00-04:00
420,2024-05-17 00:00:00,UA,336,ORD,2024-05-17 06:10:00-05:00,SAN,2024-05-17 12:42:00-07:00
421,2024-05-17 00:00:00,UA,46,IAH,2024-05-17 18:15:00-05:00,FRA,2024-05-18 11:15:00+02:00
422,2024-05-17 00:00:00,UA,452,BWI,2024-05-17 18:19:00-04:00,SFO,2024-05-17 21:29:00-07:00
423,2024-05-17 00:00:00,UA,656,SEA,2024-05-17 10:49:00-07:00,IAH,2024-05-17 22:34:00-05:00
424,2024-05-17 00:00:00,UA,402,CLT,2024-05-17 11:35:00-04:00,EWR,2024-05-17 13:30:00-04:00
425,2024-05-17 00:00:00,UA,462,ABQ,2024-05-17 07:45:00-06:00,IAH,2024-05-17 10:52:00-05:00
426,2024-05-17 00:00:00,UA,534,COS,2024-05-17 12:54:00-06:00,SYR,2024-05-17 21:47:00-04:00
427,2024-05-17 00:00:00,UA,165,GUM,2024-05-17 06:55:00+10:00,FUK,2024-05-17 10:10:00+09:00
428,2024-05-17 00:00:00,UA,540,TPA,2024-05-17 16:15:00-04:00,SAN,2024-05-17 21:07:00-07:00
429,2024-05-17 00:00:00,UA,53,ZRH,2024-05-17 11:55:00+02:00,IAD,2024-05-17 15:15:00-04:00
430,2024-05-17 00:00:00,UA,800,EWR,2024-05-17 07:15:00-04:00,MCO,2024-05-17 10:05:00-04:00
431,2024-05-17 00:00:00,LH,995,YVR,2024-05-17 20:00:00-07:00,MUC,2024-05-18 08:30:00+02:00
432,2024-05-17 00:00:00,LH,57,HAJ,2024-05-17 14:15:00+02:00,FRA,2024-05-17 15:10:00+02:00
433,2024-05-17 00:00:00,LH,880,FRA,2024-05-17 09:45:00+02:00,TLL,2024-05-17 13:05:00+03:00
434,2024-05-17 00:00:00,LH,16,FRA,2024-05-17 13:00:00+02:00,HAM,2024-05-17 14:05:00+02:00
435,2024-05-17 00:00:00,LH,977,DUB,2024-05-17 09:10:00+01:00,FRA,2024-05-17 12:10:00+02:00
436,2024-05-17 00:00:00,LH,500,MUC,2024-05-17 12:00:00+02:00,GIG,2024-05-17 20:05:00-03:00
437,2024-05-17 00:00:00,LH,401,JFK,2024-05-17 15:45:00-04:00,FRA,2024-05-18 05:25:00+02:00
438,2024-05-17 00:00:00,LH,743,KIX,2024-05-17 09:30:00+09:00,MUC,2024-05-17 16:50:00+02:00
439,2024-05-17 00:00:00,LH,64,FRA,2024-05-17 13:15:00+02:00,FMO,2024-05-17 14:00:00+02:00
440,2024-05-17 00:00:00,LH,826,FRA,2024-05-17 10:00:00+02:00,CPH,2024-05-17 11:20:00+02:00
441,2024-05-17 00:00:00,LH,947,MAN,2024-05-17 18:05:00+01:00,FRA,2024-05-17 20:45:00+02:00
442,2024-05-17 00:00:00,LH,115,MUC,2024-05-17 17:00:00+02:00,FRA,2024-05-17 18:00:00+02:00
443,2024-05-17 00:00:00,LH,402,FRA,2024-05-17 13:20:00+02:00,EWR,2024-05-17 15:40:00-04:00
444,2024-05-17 00:00:00,LH,65,FMO,2024-05-17 10:30:00+02:00,FRA,2024-05-17 11:20:00+02:00
445,2024-05-17 00:00:00,LH,10,FRA,2024-05-17 10:00:00+02:00,HAM,2024-05-17 11:05:00+02:00
446,2024-05-17 00:00:00,LH,30,FRA,2024-05-17 19:00:00+02:00,HAM,2024-05-17 20:05:00+02:00
447,2024-05-17 00:00:00,LH,726,MUC,2024-05-17 21:55:00+02:00,PVG,2024-05-18 15:20:00+08:00
448,2024-05-17 00:00:00,LH,510,FRA,2024-05-17 21:40:00+02:00,EZE,2024-05-18 06:25:00-03:00
449,2024-05-17 00:00:00,LH,283,BLQ,2024-05-17 11:00:00+02:00,FRA,2024-05-17 12:30:00+02:00
450,2024-05-17 00:00:00,LH,207,DRS,2024-05-17 06:05:00+02:00,FRA,2024-05-17 07:10:00+02:00
451,2024-05-17 00:00:00,LH,62,FRA,2024-05-17 09:05:00+02:00,FMO,2024-05-17 09:50:00+02:00
452,2024-05-17 00:00:00,LH,726,MUC,2024-05-17 21:55:00+02:00,PVG,2024-05-18 15:20:00+08:00
453,2024-05-17 00:00:00,LH,804,FRA,2024-05-17 16:05:00+02:00,ARN,2024-05-17 18:10:00+02:00
454,2024-05-17 00:00:00,LH,576,FRA,2024-05-17 22:15:00+02:00,CPT,2024-05-18 09:55:00+02:00
455,2024-05-17 00:00:00,LH,446,FRA,2024-05-17 13:15:00+02:00,DEN,2024-05-17 15:40:00-06:00
456,2024-05-17 00:00:00,LH,982,FRA,2024-05-17 21:10:00+02:00,DUB,2024-05-17 22:15:00+01:00
457,2024-05-17 00:00:00,LH,112,FRA,2024-05-17 16:15:00+02:00,MUC,2024-05-17 17:10:00+02:00
458,2024-05-17 00:00:00,LH,450,FRA,2024-05-17 13:45:00+02:00,LAX,2024-05-17 16:55:00-07:00
459,2024-05-17 00:00:00,LH,506,FRA,2024-05-17 22:05:00+02:00,GRU,2024-05-18 04:55:00-03:00
460,2024-05-17 00:00:00,LH,968,FRA,2024-05-17 16:05:00+02:00,LPL,2024-05-17 16:45:00+01:00
461,2024-05-17 00:00:00,LH,469,AUS,2024-05-17 16:00:00-05:00,FRA,2024-05-18 08:45:00+02:00
462,2024-05-17 00:00:00,LH,453,LAX,2024-05-17 17:10:00-07:00,MUC,2024-05-18 13:20:00+02:00
463,2024-05-17 00:00:00,LH,591,NBO,2024-05-17 22:25:00+03:00,FRA,2024-05-18 05:40:00+02:00
464,2024-05-17 00:00:00,LH,82,FRA,2024-05-17 16:15:00+02:00,DUS,2024-05-17 17:05:00+02:00
465,2024-05-17 00:00:00,LH,737,NGO,2024-05-17 10:55:00+09:00,FRA,2024-05-17 18:25:00+02:00
466,2024-05-17 00:00:00,LH,890,FRA,2024-05-17 10:05:00+02:00,RIX,2024-05-17 13:10:00+03:00
467,2024-05-17 00:00:00,LH,832,FRA,2024-05-17 21:00:00+02:00,CPH,2024-05-17 22:20:00+02:00
468,2024-05-17 00:00:00,LH,804,FRA,2024-05-17 16:05:00+02:00,ARN,2024-05-17 18:10:00+02:00
469,2024-05-17 00:00:00,LH,249,MXP,2024-05-17 11:05:00+02:00,FRA,2024-05-17 12:25:00+02:00
470,2024-05-17 00:00:00,LH,145,NUE,2024-05-17 08:30:00+02:00,FRA,2024-05-17 09:15:00+02:00
471,2024-05-17 00:00:00,LH,825,CPH,2024-05-17 09:40:00+02:00,FRA,2024-05-17 11:10:00+02:00
472,2024-05-17 00:00:00,LH,192,FRA,2024-05-17 16:45:00+02:00,BER,2024-05-17 17:55:00+02:00
473,2024-05-17 00:00:00,LH,765,BLR,2024-05-17 02:10:00+05:30,MUC,2024-05-17 07:50:00+02:00
474,2024-05-17 00:00:00,LH,331,VCE,2024-05-17 19:25:00+02:00,FRA,2024-05-17 20:50:00+02:00
475,2024-05-17 00:00:00,LH,867,OSL,2024-05-17 18:50:00+02:00,FRA,2024-05-17 20:55:00+02:00
476,2024-05-17 00:00:00,LH,466,MUC,2024-05-17 12:35:00+02:00,SAN,2024-05-17 15:25:00-07:00
477,2024-05-17 00:00:00,LH,987,AMS,2024-05-17 10:00:00+02:00,FRA,2024-05-17 11:05:00+02:00
478,2024-05-17 00:00:00,LH,806,FRA,2024-05-17 13:45:00+02:00,ARN,2024-05-17 15:50:00+02:00
479,2024-05-17 00:00:00,LH,437,ORD,2024-05-17 15:45:00-05:00,MUC,2024-05-18 07:15:00+02:00
480,2024-05-17 00:00:00,LH,849,HEL,2024-05-17 13:40:00+03:00,FRA,2024-05-17 15:15:00+02:00
481,2024-05-17 00:00:00,LH,992,FRA,2024-05-17 12:20:00+02:00,AMS,2024-05-17 13:35:00+02:00
482,2024-05-17 00:00:00,LH,975,GLA,2024-05-17 06:10:00+01:00,FRA,2024-05-17 09:10:00+02:00
483,2024-05-17 00:00:00,LH,280,FRA,2024-05-17 13:30:00+02:00,LIN,2024-05-17 14:40:00+02:00
484,2024-05-17 00:00:00,LH,232,FRA,2024-05-17 10:45:00+02:00,FCO,2024-05-17 12:35:00+02:00
485,2024-05-17 00:00:00,LH,783,SHE,2024-05-17 11:35:00+08:00,FRA,2024-05-17 19:00:00+02:00
486,2024-05-17 00:00:00,LH,970,FRA,2024-05-17 08:20:00+02:00,BRS,2024-05-17 09:00:00+01:00
487,2024-05-17 00:00:00,LH,207,DRS,2024-05-17 06:05:00+02:00,FRA,2024-05-17 07:10:00+02:00
488,2024-05-17 00:00:00,LH,403,EWR,2024-05-17 18:00:00-04:00,FRA,2024-05-18 07:30:00+02:00
489,2024-05-17 00:00:00,LH,978,FRA,2024-05-17 10:25:00+02:00,DUB,2024-05-17 11:30:00+01:00
490,2024-05-17 00:00:00,LH,754,FRA,2024-05-17 13:00:00+02:00,BLR,2024-05-18 01:20:00+05:30
491,2024-05-17 00:00:00,LH,272,FRA,2024-05-17 10:50:00+02:00,LIN,2024-05-17 12:00:00+02:00
492,2024-05-17 00:00:00,LH,649,ALA,2024-05-17 02:10:00+05:00,FRA,2024-05-17 08:30:00+02:00
493,2024-05-17 00:00:00,LH,81,DUS,2024-05-17 14:55:00+02:00,FRA,2024-05-17 15:45:00+02:00
494,2024-05-17 00:00:00,LH,200,FRA,2024-05-17 19:45:00+02:00,BER,2024-05-17 20:55:00+02:00
495,2024-05-17 00:00:00,LH,190,FRA,2024-05-17 15:45:00+02:00,BER,2024-05-17 16:55:00+02:00
496,2024-05-17 00:00:00,LH,179,BER,2024-05-17 08:15:00+02:00,FRA,2024-05-17 09:25:00+02:00
497,2024-05-17 00:00:00,LH,907,LHR,2024-05-17 13:30:00+01:00,FRA,2024-05-17 16:05:00+02:00
498,2024-05-17 00:00:00,LH,94,FRA,2024-05-17 07:15:00+02:00,MUC,2024-05-17 08:10:00+02:00
499,2024-05-17 00:00:00,LH,462,FRA,2024-05-17 10:45:00+02:00,MIA,2024-05-17 14:40:00-04:00
500,2024-05-17 00:00:00,LH,105,MUC,2024-05-17 12:00:00+02:00,FRA,2024-05-17 13:00:00+02:00
501,2024-05-17 00:00:00,LH,370,FRA,2024-05-17 09:25:00+02:00,FDH,2024-05-17 10:10:00+02:00
502,2024-05-17 00:00:00,LH,577,CPT,2024-05-17 17:45:00+02:00,FRA,2024-05-18 05:30:00+02:00
503,2024-05-17 00:00:00,LH,850,FRA,2024-05-17 14:05:00+02:00,HEL,2024-05-17 17:25:00+03:00
504,2024-05-17 00:00:00,LH,101,MUC,2024-05-17 10:00:00+02:00,FRA,2024-05-17 11:00:00+02:00
505,2024-05-17 00:00:00,LH,821,GOT,2024-05-17 06:10:00+02:00,FRA,2024-05-17 07:55:00+02:00
506,2024-05-17 00:00:00,LH,990,MUC,2024-05-17 11:00:00+02:00,YVR,2024-05-17 17:00:00-07:00
507,2024-05-17 00:00:00,LH,881,TLL,2024-05-17 13:50:00+03:00,FRA,2024-05-17 15:20:00+02:00
508,2024-05-17 00:00:00,LH,783,SHE,2024-05-17 11:35:00+08:00,FRA,2024-05-17 19:00:00+02:00
509,2024-05-17 00:00:00,LH,402,FRA,2024-05-17 13:20:00+02:00,EWR,2024-05-17 15:40:00-04:00
510,2024-05-17 00:00:00,LH,954,FRA,2024-05-17 11:45:00+02:00,BHX,2024-05-17 12:20:00+01:00
511,2024-05-17 00:00:00,LH,426,FRA,2024-05-17 13:10:00+02:00,PHL,2024-05-17 16:00:00-04:00
512,2024-05-17 00:00:00,LH,756,FRA,2024-05-17 12:10:00+02:00,BOM,2024-05-18 01:00:00+05:30
513,2024-05-17 00:00:00,LH,188,FRA,2024-05-17 14:45:00+02:00,BER,2024-05-17 15:55:00+02:00
514,2024-05-17 00:00:00,LH,829,CPH,2024-05-17 14:50:00+02:00,FRA,2024-05-17 16:20:00+02:00
515,2024-05-17 00:00:00,LH,424,MUC,2024-05-17 16:05:00+02:00,BOS,2024-05-17 18:25:00-04:00
516,2024-05-17 00:00:00,LH,59,HAJ,2024-05-17 18:40:00+02:00,FRA,2024-05-17 19:40:00+02:00
517,2024-05-17 00:00:00,5U,718,GUA,2024-05-17 12:30:00-06:00,RER,2024-05-17 13:30:00-06:00
518,2024-05-17 00:00:00,5U,713,PBR,2024-05-17 17:20:00-06:00,GUA,2024-05-17 18:20:00-06:00
